{"cameraMode":{"drawMode":0,"name":"Shaded","section":"Shading Mode"},"sceneLighting":true,"audioPlay":false,"sceneViewState":{"showFog":true,"showMaterialUpdate":false,"showSkybox":true,"showFlares":true,"showImageEffects":true,"showParticleSystems":true},"in2DMode":false,"pivot":{"x":-473.0249328613281,"y":-900.965087890625,"z":1038.442626953125},"rotation":{"x":0.3545015752315521,"y":-0.06392190605401993,"z":0.026641404256224633,"w":0.9328640699386597},"size":705.0691528320313,"orthographic":false}