{"cameraMode":{"drawMode":0,"name":"Shaded","section":"Shading Mode"},"sceneLighting":true,"audioPlay":false,"sceneViewState":{"showFog":true,"showMaterialUpdate":false,"showSkybox":true,"showFlares":true,"showImageEffects":true,"showParticleSystems":true},"in2DMode":false,"pivot":{"x":-46.180755615234378,"y":45.26385498046875,"z":18.88996124267578},"rotation":{"x":0.5045666694641113,"y":0.16626402735710145,"z":-0.09827674925327301,"w":0.8418626189231873},"size":9.550000190734864,"orthographic":false}