{"cameraMode":{"drawMode":0,"name":"Shaded","section":"Shading Mode"},"sceneLighting":false,"audioPlay":false,"sceneViewState":{"showFog":true,"showMaterialUpdate":false,"showSkybox":false,"showFlares":true,"showImageEffects":true,"showParticleSystems":true},"in2DMode":false,"pivot":{"x":-342.6000061035156,"y":3.6999998092651369,"z":30.200000762939454},"rotation":{"x":0.19561833143234254,"y":0.6536697149276733,"z":-0.18049214780330659,"w":0.7084457874298096},"size":10.0,"orthographic":false}