{"cameraMode":{"drawMode":0,"name":"Shaded","section":"Shading Mode"},"sceneLighting":true,"audioPlay":false,"sceneViewState":{"showFog":true,"showMaterialUpdate":false,"showSkybox":true,"showFlares":true,"showImageEffects":true,"showParticleSystems":true},"in2DMode":false,"pivot":{"x":-411.9560241699219,"y":-133.42385864257813,"z":31.1549129486084},"rotation":{"x":-0.3713235557079315,"y":0.6014271974563599,"z":-0.3706638216972351,"w":-0.6025363206863403},"size":86.53164672851563,"orthographic":false}