{"cameraMode":{"drawMode":0,"name":"Shaded","section":"Shading Mode"},"sceneLighting":true,"audioPlay":false,"sceneViewState":{"showFog":true,"showMaterialUpdate":false,"showSkybox":true,"showFlares":true,"showImageEffects":true,"showParticleSystems":true},"in2DMode":false,"pivot":{"x":-343.628662109375,"y":5.135663986206055,"z":27.306385040283204},"rotation":{"x":-0.2931656241416931,"y":-0.07593036442995072,"z":0.02334001287817955,"w":-0.9527763724327087},"size":1.9899766445159913,"orthographic":false}