{"cameraMode":{"drawMode":0,"name":"Shaded","section":"Shading Mode"},"sceneLighting":true,"audioPlay":false,"sceneViewState":{"showFog":true,"showMaterialUpdate":false,"showSkybox":true,"showFlares":true,"showImageEffects":true,"showParticleSystems":true},"in2DMode":false,"pivot":{"x":-342.64459228515627,"y":3.725584030151367,"z":30.356815338134767},"rotation":{"x":0.10452133417129517,"y":-0.0032653433736413719,"z":0.00046547071542590857,"w":0.9945669174194336},"size":2.5899765491485597,"orthographic":false}