{"cameraMode":{"drawMode":0,"name":"Shaded","section":"Shading Mode"},"sceneLighting":false,"audioPlay":false,"sceneViewState":{"showFog":true,"showMaterialUpdate":false,"showSkybox":false,"showFlares":true,"showImageEffects":true,"showParticleSystems":true},"in2DMode":false,"pivot":{"x":-343.0,"y":3.1738972663879396,"z":29.619810104370118},"rotation":{"x":0.19561833143234254,"y":0.6536697149276733,"z":-0.18049214780330659,"w":0.7084457874298096},"size":2.1650896072387697,"orthographic":false}