{"cameraMode":{"drawMode":0,"name":"Shaded","section":"Shading Mode"},"sceneLighting":true,"audioPlay":false,"sceneViewState":{"showFog":true,"showMaterialUpdate":false,"showSkybox":true,"showFlares":true,"showImageEffects":true,"showParticleSystems":true},"in2DMode":false,"pivot":{"x":-342.6000061035156,"y":1.7000000476837159,"z":30.200000762939454},"rotation":{"x":-0.052784886211156848,"y":0.006586934439837933,"z":-0.0003526203508954495,"w":-0.9985910654067993},"size":3.566027879714966,"orthographic":false}