{"cameraMode":{"drawMode":0,"name":"Shaded","section":"Shading Mode"},"sceneLighting":false,"audioPlay":false,"sceneViewState":{"showFog":true,"showMaterialUpdate":false,"showSkybox":false,"showFlares":true,"showImageEffects":true,"showParticleSystems":true},"in2DMode":false,"pivot":{"x":-12.733251571655274,"y":4.016368389129639,"z":-6.615305423736572},"rotation":{"x":-0.06520430743694306,"y":0.25515317916870119,"z":-0.01730293594300747,"w":-0.9646027088165283},"size":2.400017261505127,"orthographic":false}